abandon,abandoned,abandoning,0.7058823529411765
abandon,abandoned,abandonment,0.6666666666666666
abandon,abandoning,abandonment,0.631578947368421
abbrevi,abbreviated,abbreviation,0.7619047619047619
abbrevi,abbreviated,abbreviations,0.7272727272727273
abbrevi,abbreviation,abbreviations,0.9565217391304348
abdic,abdicate,abdicating,0.75
abdic,abdicate,abdication,0.75
abdic,abdicating,abdication,0.7777777777777778
abduct,abducted,abduction,0.6666666666666666
abduct,abducted,abductions,0.625
abduct,abduction,abductions,0.9411764705882353
aberr,aberration,aberrations,0.9473684210526315
abid,abide,abiding,0.6
abil,abilities,ability,0.7142857142857143
abl,able,ables,0.8571428571428571
ablut,ablution,ablutions,0.9333333333333333
abnorm,abnormal,abnormalities,0.7368421052631579
abnorm,abnormal,abnormality,0.8235294117647058
abnorm,abnormal,abnormally,0.875
abnorm,abnormalities,abnormality,0.8181818181818182
abnorm,abnormalities,abnormally,0.6666666666666666
abnorm,abnormality,abnormally,0.7368421052631579
abolish,abolished,abolishes,0.875
abolish,abolished,abolishing,0.7058823529411765
abolish,abolishes,abolishing,0.7058823529411765
abomin,abominable,abomination,0.631578947368421
abomin,abominable,abominations,0.6
abomin,abomination,abominations,0.9523809523809523
aborigin,aboriginal,aborigines,0.7777777777777778
abort,aborted,abortion,0.6153846153846154
abort,aborted,abortions,0.5714285714285714
abort,aborted,abortive,0.6153846153846154
abort,abortion,abortions,0.9333333333333333
abort,abortion,abortive,0.7142857142857143
abort,abortions,abortive,0.6666666666666666
abound,abounded,abounds,0.7692307692307693
abras,abrasive,abrasiveness,0.7777777777777778
abridg,abridged,abridges,0.8571428571428571
abridg,abridged,abridging,0.6666666666666666
abridg,abridged,abridgment,0.625
abridg,abridges,abridging,0.6666666666666666
abridg,abridges,abridgment,0.625
abridg,abridging,abridgment,0.5882352941176471
abrog,abrogated,abrogation,0.7058823529411765
abscond,absconded,absconding,0.7058823529411765
absenc,absence,absences,0.9230769230769231
absente,absentee,absenteeism,0.8235294117647058
absolut,absolute,absolutely,0.875
absolut,absolute,absoluter,0.9333333333333333
absolut,absolute,absolutes,0.9333333333333333
absolut,absolute,absolution,0.75
absolut,absolute,absolutism,0.75
absolut,absolutely,absoluter,0.8235294117647058
absolut,absolutely,absolutes,0.8235294117647058
absolut,absolutely,absolution,0.6666666666666666
absolut,absolutely,absolutism,0.6666666666666666
absolut,absoluter,absolutes,0.875
absolut,absoluter,absolution,0.7058823529411765
absolut,absoluter,absolutism,0.7058823529411765
absolut,absolutes,absolution,0.7058823529411765
absolut,absolutes,absolutism,0.7058823529411765
absolut,absolution,absolutism,0.7777777777777778
absolv,absolve,absolved,0.9230769230769231
absorb,absorbed,absorbency,0.75
absorb,absorbed,absorbent,0.8
absorb,absorbed,absorber,0.8571428571428571
absorb,absorbed,absorbing,0.6666666666666666
absorb,absorbed,absorbs,0.7692307692307693
absorb,absorbency,absorbent,0.8235294117647058
absorb,absorbency,absorber,0.75
absorb,absorbency,absorbing,0.5882352941176471
absorb,absorbency,absorbs,0.6666666666666666
absorb,absorbent,absorber,0.8
absorb,absorbent,absorbing,0.625
absorb,absorbent,absorbs,0.7142857142857143
absorb,absorber,absorbing,0.6666666666666666
absorb,absorber,absorbs,0.7692307692307693
absorb,absorbing,absorbs,0.7142857142857143
abstent,abstention,abstentions,0.9473684210526315
abstract,abstracted,abstraction,0.7368421052631579
abstract,abstracted,abstractions,0.7
abstract,abstracted,abstracts,0.8235294117647058
abstract,abstraction,abstractions,0.9523809523809523
abstract,abstraction,abstracts,0.7777777777777778
abstract,abstractions,abstracts,0.7368421052631579
abstrus,abstruse,abstrusely,0.875
abund,abundance,abundant,0.8
abus,abuse,abused,0.8888888888888888
abus,abuse,abusers,0.8
abus,abuse,abuses,0.8888888888888888
abus,abuse,abusing,0.6
abus,abuse,abusive,0.6
abus,abused,abusers,0.7272727272727273
abus,abused,abuses,0.8
abus,abused,abusing,0.5454545454545454
abus,abused,abusive,0.5454545454545454
abus,abusers,abuses,0.7272727272727273
abus,abusers,abusing,0.5
abus,abusers,abusive,0.5
abus,abuses,abusing,0.5454545454545454
abus,abuses,abusive,0.5454545454545454
abus,abusing,abusive,0.6666666666666666
abut,abuts,abutting,0.5454545454545454
academ,academe,academic,0.7692307692307693
academ,academe,academical,0.6666666666666666
academ,academe,academically,0.5882352941176471
academ,academe,academics,0.7142857142857143
academ,academic,academical,0.875
academ,academic,academically,0.7777777777777778
academ,academic,academics,0.9333333333333333
academ,academical,academically,0.9
academ,academical,academics,0.8235294117647058
academ,academically,academics,0.7368421052631579
academi,academies,academy,0.7142857142857143
acceler,accelerate,accelerated,0.9473684210526315
acceler,accelerate,accelerates,0.9473684210526315
acceler,accelerate,accelerating,0.8
acceler,accelerate,acceleration,0.8
acceler,accelerate,accelerations,0.7619047619047619
acceler,accelerate,accelerator,0.8421052631578947
acceler,accelerate,accelerators,0.8
acceler,accelerated,accelerates,0.9
acceler,accelerated,accelerating,0.7619047619047619
acceler,accelerated,acceleration,0.7619047619047619
acceler,accelerated,accelerations,0.7272727272727273
acceler,accelerated,accelerator,0.8
acceler,accelerated,accelerators,0.7619047619047619
acceler,accelerates,accelerating,0.7619047619047619
acceler,accelerates,acceleration,0.7619047619047619
acceler,accelerates,accelerations,0.7272727272727273
acceler,accelerates,accelerator,0.8
acceler,accelerates,accelerators,0.7619047619047619
acceler,accelerating,acceleration,0.8181818181818182
acceler,accelerating,accelerations,0.782608695652174
acceler,accelerating,accelerator,0.7619047619047619
acceler,accelerating,accelerators,0.7272727272727273
acceler,acceleration,accelerations,0.9565217391304348
acceler,acceleration,accelerator,0.7619047619047619
acceler,acceleration,accelerators,0.7272727272727273
acceler,accelerations,accelerator,0.7272727272727273
acceler,accelerations,accelerators,0.6956521739130435
acceler,accelerator,accelerators,0.9523809523809523
accent,accented,accents,0.7692307692307693
accentu,accentuate,accentuated,0.9473684210526315
accentu,accentuate,accentuation,0.8
accentu,accentuated,accentuation,0.7619047619047619
accept,acceptable,acceptance,0.6666666666666666
accept,acceptable,accepted,0.625
accept,acceptable,accepting,0.5882352941176471
accept,acceptable,accepts,0.6666666666666666
accept,acceptance,accepted,0.625
accept,acceptance,accepting,0.5882352941176471
accept,acceptance,accepts,0.6666666666666666
accept,accepted,accepting,0.6666666666666666
accept,accepted,accepts,0.7692307692307693
accept,accepting,accepts,0.7142857142857143
access,accessed,accesses,0.8571428571428571
access,accessed,accessibility,0.5263157894736842
access,accessed,accessible,0.625
access,accessed,accessing,0.6666666666666666
access,accessed,accession,0.6666666666666666
access,accessed,accessioned,0.7058823529411765
access,accessed,accessions,0.625
access,accesses,accessibility,0.5263157894736842
access,accesses,accessible,0.625
access,accesses,accessing,0.6666666666666666
access,accesses,accession,0.6666666666666666
access,accesses,accessioned,0.5882352941176471
access,accesses,accessions,0.625
access,accessibility,accessible,0.6666666666666666
access,accessibility,accessing,0.6
access,accessibility,accession,0.6
access,accessibility,accessioned,0.5454545454545454
access,accessibility,accessions,0.5714285714285714
access,accessible,accessing,0.7058823529411765
access,accessible,accession,0.7058823529411765
access,accessible,accessioned,0.631578947368421
access,accessible,accessions,0.6666666666666666
access,accessing,accession,0.75
access,accessing,accessioned,0.6666666666666666
access,accessing,accessions,0.7058823529411765
access,accession,accessioned,0.8888888888888888
access,accession,accessions,0.9411764705882353
access,accessioned,accessions,0.8421052631578947
accessori,accessories,accessory,0.7777777777777778
accid,accident,accidents,0.9333333333333333
accident,accidental,accidentally,0.9
acclam,acclamation,acclamations,0.9523809523809523
accommod,accommodate,accommodated,0.9523809523809523
accommod,accommodate,accommodates,0.9523809523809523
accommod,accommodate,accommodating,0.8181818181818182
accommod,accommodate,accommodation,0.8181818181818182
accommod,accommodate,accommodations,0.782608695652174
accommod,accommodated,accommodates,0.9090909090909091
accommod,accommodated,accommodating,0.782608695652174
accommod,accommodated,accommodation,0.782608695652174
accommod,accommodated,accommodations,0.75
accommod,accommodates,accommodating,0.782608695652174
accommod,accommodates,accommodation,0.782608695652174
accommod,accommodates,accommodations,0.75
accommod,accommodating,accommodation,0.8333333333333334
accommod,accommodating,accommodations,0.8
accommod,accommodation,accommodations,0.96
accompani,accompanied,accompanies,0.9
accompani,accompanied,accompaniment,0.7272727272727273
accompani,accompanied,accompaniments,0.6956521739130435
accompani,accompanied,accompany,0.7777777777777778
accompani,accompanied,accompanying,0.6666666666666666
accompani,accompanies,accompaniment,0.7272727272727273
accompani,accompanies,accompaniments,0.6956521739130435
accompani,accompanies,accompany,0.7777777777777778
accompani,accompanies,accompanying,0.6666666666666666
accompani,accompaniment,accompaniments,0.96
accompani,accompaniment,accompany,0.7
accompani,accompaniment,accompanying,0.6086956521739131
accompani,accompaniments,accompany,0.6666666666666666
accompani,accompaniments,accompanying,0.5833333333333334
accompani,accompany,accompanying,0.8421052631578947
accomplic,accomplice,accomplices,0.9473684210526315
accomplish,accomplished,accomplishes,0.9090909090909091
accomplish,accomplished,accomplishment,0.75
accomplish,accomplished,accomplishments,0.72
accomplish,accomplishes,accomplishment,0.75
accomplish,accomplishes,accomplishments,0.72
accomplish,accomplishment,accomplishments,0.9629629629629629
accord,accordance,accorded,0.625
accord,accordance,according,0.5882352941176471
accord,accordance,accords,0.6666666666666666
accord,accorded,according,0.6666666666666666
accord,accorded,accords,0.7692307692307693
accord,according,accords,0.7142857142857143
accost,accosted,accosting,0.6666666666666666
account,accountability,accountable,0.6956521739130435
account,accountability,accountancy,0.6086956521739131
account,accountability,accountant,0.6363636363636364
account,accountability,accountants,0.6086956521739131
account,accountability,accounted,0.5714285714285714
account,accountability,accounting,0.5454545454545454
account,accountability,accounts,0.6
account,accountable,accountancy,0.7
account,accountable,accountant,0.7368421052631579
account,accountable,accountants,0.7
account,accountable,accounted,0.6666666666666666
account,accountable,accounting,0.631578947368421
account,accountable,accounts,0.7058823529411765
account,accountancy,accountant,0.8421052631578947
account,accountancy,accountants,0.8
account,accountancy,accounted,0.6666666666666666
account,accountancy,accounting,0.631578947368421
account,accountancy,accounts,0.7058823529411765
account,accountant,accountants,0.9473684210526315
account,accountant,accounted,0.7058823529411765
account,accountant,accounting,0.6666666666666666
account,accountant,accounts,0.75
account,accountants,accounted,0.6666666666666666
account,accountants,accounting,0.631578947368421
account,accountants,accounts,0.8235294117647058
account,accounted,accounting,0.7058823529411765
account,accounted,accounts,0.8
account,accounting,accounts,0.75
accredit,accreditation,accreditations,0.96
accredit,accreditation,accredited,0.6666666666666666
accredit,accreditation,accrediting,0.7272727272727273
accredit,accreditations,accredited,0.6363636363636364
accredit,accreditations,accrediting,0.6956521739130435
accredit,accredited,accrediting,0.7368421052631579
accru,accrued,accruing,0.6153846153846154
accumul,accumulate,accumulated,0.9473684210526315
accumul,accumulate,accumulates,0.9473684210526315
accumul,accumulate,accumulating,0.8
accumul,accumulate,accumulation,0.8
accumul,accumulate,accumulations,0.7619047619047619
accumul,accumulate,accumulator,0.8421052631578947
accumul,accumulate,accumulators,0.8
accumul,accumulated,accumulates,0.9
accumul,accumulated,accumulating,0.7619047619047619
accumul,accumulated,accumulation,0.7619047619047619
accumul,accumulated,accumulations,0.7272727272727273
accumul,accumulated,accumulator,0.8
accumul,accumulated,accumulators,0.7619047619047619
accumul,accumulates,accumulating,0.7619047619047619
accumul,accumulates,accumulation,0.7619047619047619
accumul,accumulates,accumulations,0.7272727272727273
accumul,accumulates,accumulator,0.8
accumul,accumulates,accumulators,0.7619047619047619
accumul,accumulating,accumulation,0.8181818181818182
accumul,accumulating,accumulations,0.782608695652174
accumul,accumulating,accumulator,0.7619047619047619
accumul,accumulating,accumulators,0.7272727272727273
accumul,accumulation,accumulations,0.9565217391304348
accumul,accumulation,accumulator,0.7619047619047619
accumul,accumulation,accumulators,0.7272727272727273
accumul,accumulations,accumulator,0.7272727272727273
accumul,accumulations,accumulators,0.6956521739130435
accumul,accumulator,accumulators,0.9523809523809523
accur,accurate,accurately,0.875
accus,accusation,accusations,0.9473684210526315
accus,accusation,accusative,0.7777777777777778
accus,accusation,accuse,0.5714285714285714
accus,accusation,accused,0.5333333333333333
accus,accusation,accuser,0.5333333333333333
accus,accusation,accuses,0.5333333333333333
accus,accusation,accusing,0.5
accus,accusations,accusative,0.7368421052631579
accus,accusations,accuse,0.5333333333333333
accus,accusations,accused,0.5
accus,accusations,accuser,0.5
accus,accusations,accuses,0.5
accus,accusations,accusing,0.47058823529411764
accus,accusative,accuse,0.5714285714285714
accus,accusative,accused,0.5333333333333333
accus,accusative,accuser,0.5333333333333333
accus,accusative,accuses,0.5333333333333333
accus,accusative,accusing,0.5
accus,accuse,accused,0.9090909090909091
accus,accuse,accuser,0.9090909090909091
accus,accuse,accuses,0.9090909090909091
accus,accuse,accusing,0.6666666666666666
accus,accused,accuser,0.8333333333333334
accus,accused,accuses,0.8333333333333334
accus,accused,accusing,0.6153846153846154
accus,accuser,accuses,0.8333333333333334
accus,accuser,accusing,0.6153846153846154
accus,accuses,accusing,0.6153846153846154
acet,acetate,acetic,0.5454545454545454
ach,ache,aching,0.5
achiev,achievable,achieve,0.6666666666666666
achiev,achievable,achieved,0.625
achiev,achievable,achievement,0.5263157894736842
achiev,achievable,achievements,0.5
achiev,achievable,achievers,0.5882352941176471
achiev,achievable,achieves,0.625
achiev,achievable,achieving,0.5882352941176471
achiev,achieve,achieved,0.9230769230769231
achiev,achieve,achievement,0.75
achiev,achieve,achievements,0.7058823529411765
achiev,achieve,achievers,0.8571428571428571
achiev,achieve,achieves,0.9230769230769231
achiev,achieve,achieving,0.7142857142857143
achiev,achieved,achievement,0.7058823529411765
achiev,achieved,achievements,0.6666666666666666
achiev,achieved,achievers,0.8
achiev,achieved,achieves,0.8571428571428571
achiev,achieved,achieving,0.6666666666666666
achiev,achievement,achievements,0.9523809523809523
achiev,achievement,achievers,0.6666666666666666
achiev,achievement,achieves,0.7058823529411765
achiev,achievement,achieving,0.5555555555555556
achiev,achievements,achievers,0.631578947368421
achiev,achievements,achieves,0.6666666666666666
achiev,achievements,achieving,0.5263157894736842
achiev,achievers,achieves,0.8
achiev,achievers,achieving,0.625
achiev,achieves,achieving,0.6666666666666666
acid,acidic,acidity,0.7272727272727273
acid,acidic,acids,0.6666666666666666
acid,acidity,acids,0.6
acknowledg,acknowledge,acknowledged,0.9523809523809523
acknowledg,acknowledge,acknowledges,0.9523809523809523
acknowledg,acknowledge,acknowledging,0.8181818181818182
acknowledg,acknowledge,acknowledgment,0.782608695652174
acknowledg,acknowledge,acknowledgments,0.75
acknowledg,acknowledged,acknowledges,0.9090909090909091
acknowledg,acknowledged,acknowledging,0.782608695652174
acknowledg,acknowledged,acknowledgment,0.75
acknowledg,acknowledged,acknowledgments,0.72
acknowledg,acknowledges,acknowledging,0.782608695652174
acknowledg,acknowledges,acknowledgment,0.75
acknowledg,acknowledges,acknowledgments,0.72
acknowledg,acknowledging,acknowledgment,0.72
acknowledg,acknowledging,acknowledgments,0.6923076923076923
acknowledg,acknowledgment,acknowledgments,0.9629629629629629
acolyt,acolyte,acolytes,0.9230769230769231
acoust,acoustic,acoustical,0.875
acoust,acoustic,acoustically,0.7777777777777778
acoust,acoustic,acoustics,0.9333333333333333
acoust,acoustical,acoustically,0.9
acoust,acoustical,acoustics,0.8235294117647058
acoust,acoustically,acoustics,0.7368421052631579
acquaint,acquaintance,acquaintances,0.9565217391304348
acquaint,acquaintance,acquainted,0.7
acquaint,acquaintance,acquainting,0.6666666666666666
acquaint,acquaintances,acquainted,0.6666666666666666
acquaint,acquaintances,acquainting,0.6363636363636364
acquaint,acquainted,acquainting,0.7368421052631579
acquiesc,acquiesce,acquiescence,0.8421052631578947
acquir,acquire,acquired,0.9230769230769231
acquir,acquire,acquires,0.9230769230769231
acquir,acquire,acquiring,0.7142857142857143
acquir,acquired,acquires,0.8571428571428571
acquir,acquired,acquiring,0.6666666666666666
acquir,acquires,acquiring,0.6666666666666666
acquisit,acquisition,acquisitions,0.9523809523809523
acr,acre,acres,0.8571428571428571
acrobat,acrobatic,acrobatics,0.9411764705882353
acryl,acrylate,acrylic,0.6153846153846154
acryl,acrylate,acrylics,0.5714285714285714
acryl,acrylic,acrylics,0.9230769230769231
act,acted,acting,0.4444444444444444
act,acted,acts,0.5714285714285714
act,acting,acts,0.5
activ,activate,activated,0.9333333333333333
activ,activate,activates,0.9333333333333333
activ,activate,activating,0.75
activ,activate,activation,0.75
activ,activate,activator,0.8
activ,activate,activators,0.75
activ,activate,active,0.6666666666666666
activ,activate,actively,0.5714285714285714
activ,activate,activism,0.5714285714285714
activ,activate,activities,0.5
activ,activate,activity,0.5714285714285714
activ,activated,activates,0.875
activ,activated,activating,0.7058823529411765
activ,activated,activation,0.7058823529411765
activ,activated,activator,0.75
activ,activated,activators,0.7058823529411765
activ,activated,active,0.6153846153846154
activ,activated,actively,0.5333333333333333
activ,activated,activism,0.5333333333333333
activ,activated,activities,0.47058823529411764
activ,activated,activity,0.5333333333333333
activ,activates,activating,0.7058823529411765
activ,activates,activation,0.7058823529411765
activ,activates,activator,0.75
activ,activates,activators,0.7058823529411765
activ,activates,active,0.6153846153846154
activ,activates,actively,0.5333333333333333
activ,activates,activism,0.5333333333333333
activ,activates,activities,0.5882352941176471
activ,activates,activity,0.5333333333333333
activ,activating,activation,0.7777777777777778
activ,activating,activator,0.7058823529411765
activ,activating,activators,0.6666666666666666
activ,activating,active,0.5714285714285714
activ,activating,actively,0.5
activ,activating,activism,0.5
activ,activating,activities,0.5555555555555556
activ,activating,activity,0.5
activ,activation,activator,0.7058823529411765
activ,activation,activators,0.6666666666666666
activ,activation,active,0.5714285714285714
activ,activation,actively,0.5
activ,activation,activism,0.5
activ,activation,activities,0.5555555555555556
activ,activation,activity,0.5
activ,activator,activators,0.9411764705882353
activ,activator,active,0.6153846153846154
activ,activator,actively,0.5333333333333333
activ,activator,activism,0.5333333333333333
activ,activator,activities,0.47058823529411764
activ,activator,activity,0.5333333333333333
activ,activators,active,0.5714285714285714
activ,activators,actively,0.5
activ,activators,activism,0.5
activ,activators,activities,0.4444444444444444
activ,activators,activity,0.5
activ,active,actively,0.8333333333333334
activ,active,activism,0.6666666666666666
activ,active,activities,0.5714285714285714
activ,active,activity,0.6666666666666666
activ,actively,activism,0.5714285714285714
activ,actively,activities,0.5
activ,actively,activity,0.5714285714285714
activ,activism,activities,0.625
activ,activism,activity,0.7142857142857143
activ,activities,activity,0.75
actual,actuality,actualized,0.7058823529411765
actual,actuality,actualizing,0.6666666666666666
actual,actuality,actually,0.6666666666666666
actual,actualized,actualizing,0.7368421052631579
actual,actualized,actually,0.625
actual,actualizing,actually,0.5882352941176471
actuari,actuarial,actuaries,0.75
actuat,actuated,actuators,0.6666666666666666
acut,acute,acutely,0.8
ad,added,adding,0.4444444444444444
ad,added,ads,0.3333333333333333
ad,adding,ads,0.2857142857142857
adapt,adaptability,adaptation,0.5
adapt,adaptability,adaptations,0.47619047619047616
adapt,adaptability,adapted,0.47058823529411764
adapt,adaptability,adapter,0.47058823529411764
adapt,adaptability,adapters,0.4444444444444444
adapt,adaptability,adapting,0.4444444444444444
adapt,adaptability,adaption,0.4444444444444444
adapt,adaptability,adaptive,0.4444444444444444
adapt,adaptation,adaptations,0.9473684210526315
adapt,adaptation,adapted,0.5333333333333333
adapt,adaptation,adapter,0.5333333333333333
adapt,adaptation,adapters,0.5
adapt,adaptation,adapting,0.625
adapt,adaptation,adaption,0.875
adapt,adaptation,adaptive,0.625
adapt,adaptations,adapted,0.5
adapt,adaptations,adapter,0.5
adapt,adaptations,adapters,0.47058823529411764
adapt,adaptations,adapting,0.5882352941176471
adapt,adaptations,adaption,0.8235294117647058
adapt,adaptations,adaptive,0.5882352941176471
adapt,adapted,adapter,0.8333333333333334
adapt,adapted,adapters,0.7692307692307693
adapt,adapted,adapting,0.6153846153846154
adapt,adapted,adaption,0.6153846153846154
adapt,adapted,adaptive,0.6153846153846154
adapt,adapter,adapters,0.9230769230769231
adapt,adapter,adapting,0.6153846153846154
adapt,adapter,adaption,0.6153846153846154
adapt,adapter,adaptive,0.6153846153846154
adapt,adapters,adapting,0.5714285714285714
adapt,adapters,adaption,0.5714285714285714
adapt,adapters,adaptive,0.5714285714285714
adapt,adapting,adaption,0.7142857142857143
adapt,adapting,adaptive,0.7142857142857143
adapt,adaption,adaptive,0.7142857142857143
addict,addicted,addiction,0.6666666666666666
addict,addicted,addictions,0.625
addict,addicted,addictive,0.6666666666666666
addict,addicted,addicts,0.7692307692307693
addict,addiction,addictions,0.9411764705882353
addict,addiction,addictive,0.75
addict,addiction,addicts,0.7142857142857143
addict,addictions,addictive,0.7058823529411765
addict,addictions,addicts,0.6666666666666666
addict,addictive,addicts,0.7142857142857143
addit,addition,additional,0.875
addit,addition,additionally,0.7777777777777778
addit,addition,additions,0.9333333333333333
addit,addition,additive,0.7142857142857143
addit,addition,additives,0.6666666666666666
addit,addition,additivity,0.625
addit,additional,additionally,0.9
addit,additional,additions,0.8235294117647058
addit,additional,additive,0.625
addit,additional,additives,0.5882352941176471
addit,additional,additivity,0.5555555555555556
addit,additionally,additions,0.7368421052631579
addit,additionally,additive,0.5555555555555556
addit,additionally,additives,0.5263157894736842
addit,additionally,additivity,0.5
addit,additions,additive,0.6666666666666666
addit,additions,additives,0.625
addit,additions,additivity,0.5882352941176471
addit,additive,additives,0.9333333333333333
addit,additive,additivity,0.75
addit,additives,additivity,0.7058823529411765
address,addressed,addresses,0.875
address,addressed,addressing,0.7058823529411765
address,addresses,addressing,0.7058823529411765
adequ,adequate,adequately,0.875
adher,adhere,adhered,0.9090909090909091
adher,adhere,adherence,0.7692307692307693
adher,adhere,adherent,0.8333333333333334
adher,adhere,adherents,0.7692307692307693
adher,adhere,adheres,0.9090909090909091
adher,adhere,adhering,0.6666666666666666
adher,adhered,adherence,0.7142857142857143
adher,adhered,adherent,0.7692307692307693
adher,adhered,adherents,0.7142857142857143
adher,adhered,adheres,0.8333333333333334
adher,adhered,adhering,0.6153846153846154
adher,adherence,adherent,0.8
adher,adherence,adherents,0.75
adher,adherence,adheres,0.7142857142857143
adher,adherence,adhering,0.5333333333333333
adher,adherent,adherents,0.9333333333333333
adher,adherent,adheres,0.7692307692307693
adher,adherent,adhering,0.5714285714285714
adher,adherents,adheres,0.7142857142857143
adher,adherents,adhering,0.5333333333333333
adher,adheres,adhering,0.6153846153846154
adhes,adhesion,adhesions,0.9333333333333333
adhes,adhesion,adhesive,0.7142857142857143
adhes,adhesion,adhesively,0.625
adhes,adhesions,adhesive,0.6666666666666666
adhes,adhesions,adhesively,0.5882352941176471
adhes,adhesive,adhesively,0.875
adject,adjective,adjectives,0.9411764705882353
adjoin,adjoined,adjoining,0.6666666666666666
adjourn,adjourned,adjournment,0.6666666666666666
adjust,adjustable,adjusted,0.625
adjust,adjustable,adjusting,0.5882352941176471
adjust,adjustable,adjustment,0.5555555555555556
adjust,adjustable,adjustments,0.5263157894736842
adjust,adjustable,adjusts,0.6666666666666666
adjust,adjusted,adjusting,0.6666666666666666
adjust,adjusted,adjustment,0.625
adjust,adjusted,adjustments,0.5882352941176471
adjust,adjusted,adjusts,0.7692307692307693
adjust,adjusting,adjustment,0.5882352941176471
adjust,adjusting,adjustments,0.5555555555555556
adjust,adjusting,adjusts,0.7142857142857143
adjust,adjustment,adjustments,0.9473684210526315
adjust,adjustment,adjusts,0.6666666666666666
adjust,adjustments,adjusts,0.75
administ,administer,administered,0.9
administ,administer,administering,0.8571428571428571
administ,administer,administers,0.9473684210526315
administ,administered,administering,0.782608695652174
administ,administered,administers,0.8571428571428571
administ,administering,administers,0.8181818181818182
administr,administrate,administrated,0.9565217391304348
administr,administrate,administration,0.8333333333333334
administr,administrate,administrations,0.8
administr,administrate,administrative,0.8333333333333334
administr,administrate,administratively,0.7692307692307693
administr,administrate,administrator,0.8695652173913043
administr,administrate,administrators,0.8333333333333334
administr,administrated,administration,0.8
administr,administrated,administrations,0.7692307692307693
administr,administrated,administrative,0.8
administr,administrated,administratively,0.7407407407407407
administr,administrated,administrator,0.8333333333333334
administr,administrated,administrators,0.8
administr,administration,administrations,0.9629629629629629
administr,administration,administrative,0.8461538461538461
administr,administration,administratively,0.7857142857142857
administr,administration,administrator,0.8
administr,administration,administrators,0.7692307692307693
administr,administrations,administrative,0.8148148148148148
administr,administrations,administratively,0.7586206896551724
administr,administrations,administrator,0.7692307692307693
administr,administrations,administrators,0.7407407407407407
administr,administrative,administratively,0.9285714285714286
administr,administrative,administrator,0.8
administr,administrative,administrators,0.7692307692307693
administr,administratively,administrator,0.7407407407407407
administr,administratively,administrators,0.7142857142857143
administr,administrator,administrators,0.96
admir,admirable,admiral,0.7142857142857143
admir,admirable,admirals,0.6666666666666666
admir,admirable,admiration,0.5882352941176471
admir,admirable,admire,0.6153846153846154
admir,admirable,admired,0.5714285714285714
admir,admirable,admirer,0.5714285714285714
admir,admirable,admirers,0.5333333333333333
admir,admirable,admires,0.5714285714285714
admir,admirable,admiring,0.5333333333333333
admir,admiral,admirals,0.9230769230769231
admir,admiral,admiration,0.6666666666666666
admir,admiral,admire,0.7272727272727273
admir,admiral,admired,0.6666666666666666
admir,admiral,admirer,0.6666666666666666
admir,admiral,admirers,0.6153846153846154
admir,admiral,admires,0.6666666666666666
admir,admiral,admiring,0.6153846153846154
admir,admirals,admiration,0.625
admir,admirals,admire,0.6666666666666666
admir,admirals,admired,0.6153846153846154
admir,admirals,admirer,0.6153846153846154
admir,admirals,admirers,0.5714285714285714
admir,admirals,admires,0.6153846153846154
admir,admirals,admiring,0.5714285714285714
admir,admiration,admire,0.5714285714285714
admir,admiration,admired,0.5333333333333333
admir,admiration,admirer,0.5333333333333333
admir,admiration,admirers,0.5
admir,admiration,admires,0.5333333333333333
admir,admiration,admiring,0.5
admir,admire,admired,0.9090909090909091
admir,admire,admirer,0.9090909090909091
admir,admire,admirers,0.8333333333333334
admir,admire,admires,0.9090909090909091
admir,admire,admiring,0.6666666666666666
admir,admired,admirer,0.8333333333333334
admir,admired,admirers,0.7692307692307693
admir,admired,admires,0.8333333333333334
admir,admired,admiring,0.6153846153846154
admir,admirer,admirers,0.9230769230769231
admir,admirer,admires,0.8333333333333334
admir,admirer,admiring,0.6153846153846154
admir,admirers,admires,0.7692307692307693
admir,admirers,admiring,0.5714285714285714
admir,admires,admiring,0.6153846153846154
admiss,admission,admissions,0.9411764705882353
admit,admits,admitted,0.6666666666666666
admit,admits,admitting,0.6153846153846154
admit,admitted,admitting,0.6666666666666666
adob,adobe,adobes,0.8888888888888888
adolesc,adolescence,adolescent,0.8421052631578947
adolesc,adolescence,adolescents,0.8
adolesc,adolescent,adolescents,0.9473684210526315
adopt,adopted,adopters,0.7692307692307693
adopt,adopted,adopting,0.6153846153846154
adopt,adopted,adoption,0.6153846153846154
adopt,adopted,adoptions,0.5714285714285714
adopt,adopted,adoptive,0.6153846153846154
adopt,adopted,adopts,0.7272727272727273
adopt,adopters,adopting,0.5714285714285714
adopt,adopters,adoption,0.5714285714285714
adopt,adopters,adoptions,0.5333333333333333
adopt,adopters,adoptive,0.5714285714285714
adopt,adopters,adopts,0.6666666666666666
adopt,adopting,adoption,0.7142857142857143
adopt,adopting,adoptions,0.6666666666666666
adopt,adopting,adoptive,0.7142857142857143
adopt,adopting,adopts,0.6666666666666666
adopt,adoption,adoptions,0.9333333333333333
adopt,adoption,adoptive,0.7142857142857143
adopt,adoption,adopts,0.6666666666666666
adopt,adoptions,adoptive,0.6666666666666666
adopt,adoptions,adopts,0.6153846153846154
adopt,adoptive,adopts,0.6666666666666666
ador,adorable,adoration,0.5333333333333333
ador,adorable,adore,0.5454545454545454
ador,adorable,adored,0.5
ador,adorable,adores,0.5
ador,adorable,adoring,0.46153846153846156
ador,adoration,adore,0.5
ador,adoration,adored,0.46153846153846156
ador,adoration,adores,0.46153846153846156
ador,adoration,adoring,0.42857142857142855
ador,adore,adored,0.8888888888888888
ador,adore,adores,0.8888888888888888
ador,adore,adoring,0.6
ador,adored,adores,0.8
ador,adored,adoring,0.5454545454545454
ador,adores,adoring,0.5454545454545454
adorn,adorned,adornments,0.5333333333333333
adorn,adorned,adorns,0.7272727272727273
adorn,adornments,adorns,0.5714285714285714
adulter,adulteration,adulterers,0.6
adulter,adulteration,adulterous,0.6
adulter,adulterers,adulterous,0.6666666666666666
adulteri,adulteries,adultery,0.75
advanc,advance,advanced,0.9230769230769231
advanc,advance,advancement,0.75
advanc,advance,advancements,0.7058823529411765
advanc,advance,advancer,0.9230769230769231
advanc,advance,advances,0.9230769230769231
advanc,advance,advancing,0.7142857142857143
advanc,advanced,advancement,0.7058823529411765
advanc,advanced,advancements,0.6666666666666666
advanc,advanced,advancer,0.8571428571428571
advanc,advanced,advances,0.8571428571428571
advanc,advanced,advancing,0.6666666666666666
advanc,advancement,advancements,0.9523809523809523
advanc,advancement,advancer,0.7058823529411765
advanc,advancement,advances,0.7058823529411765
advanc,advancement,advancing,0.5555555555555556
advanc,advancements,advancer,0.6666666666666666
advanc,advancements,advances,0.6666666666666666
advanc,advancements,advancing,0.5263157894736842
advanc,advancer,advances,0.8571428571428571
advanc,advancer,advancing,0.6666666666666666
advanc,advances,advancing,0.6666666666666666
advantag,advantage,advantageous,0.8421052631578947
advantag,advantage,advantageously,0.7619047619047619
advantag,advantage,advantages,0.9411764705882353
advantag,advantageous,advantageously,0.9166666666666666
advantag,advantageous,advantages,0.8
advantag,advantageously,advantages,0.7272727272727273
adventur,adventure,adventurer,0.9411764705882353
adventur,adventure,adventurers,0.8888888888888888
adventur,adventure,adventures,0.9411764705882353
adventur,adventure,adventurous,0.7777777777777778
adventur,adventurer,adventurers,0.9473684210526315
adventur,adventurer,adventures,0.8888888888888888
adventur,adventurer,adventurous,0.7368421052631579
adventur,adventurers,adventures,0.8421052631578947
adventur,adventurers,adventurous,0.7
adventur,adventures,adventurous,0.7368421052631579
advers,adverse,adversely,0.8571428571428571
advers,adverse,adversities,0.625
advers,adverse,adversity,0.7142857142857143
advers,adversely,adversities,0.5555555555555556
advers,adversely,adversity,0.625
advers,adversities,adversity,0.7777777777777778
adversari,adversarial,adversaries,0.8
adversari,adversarial,adversary,0.7777777777777778
adversari,adversaries,adversary,0.7777777777777778
advertis,advertise,advertised,0.9411764705882353
advertis,advertise,advertisement,0.8
advertis,advertise,advertisements,0.7619047619047619
advertis,advertise,advertiser,0.9411764705882353
advertis,advertise,advertisers,0.8888888888888888
advertis,advertise,advertises,0.9411764705882353
advertis,advertise,advertising,0.7777777777777778
advertis,advertised,advertisement,0.7619047619047619
advertis,advertised,advertisements,0.7272727272727273
advertis,advertised,advertiser,0.8888888888888888
advertis,advertised,advertisers,0.8421052631578947
advertis,advertised,advertises,0.8888888888888888
advertis,advertised,advertising,0.7368421052631579
advertis,advertisement,advertisements,0.96
advertis,advertisement,advertiser,0.7619047619047619
advertis,advertisement,advertisers,0.7272727272727273
advertis,advertisement,advertises,0.7619047619047619
advertis,advertisement,advertising,0.6363636363636364
advertis,advertisements,advertiser,0.7272727272727273
advertis,advertisements,advertisers,0.6956521739130435
advertis,advertisements,advertises,0.7272727272727273
advertis,advertisements,advertising,0.6086956521739131
advertis,advertiser,advertisers,0.9473684210526315
advertis,advertiser,advertises,0.8888888888888888
advertis,advertiser,advertising,0.7368421052631579
advertis,advertisers,advertises,0.8421052631578947
advertis,advertisers,advertising,0.7
advertis,advertises,advertising,0.7368421052631579
advis,advisable,advise,0.6153846153846154
advis,advisable,advised,0.5714285714285714
advis,advisable,adviser,0.5714285714285714
advis,advisable,advisers,0.5333333333333333
advis,advisable,advises,0.5714285714285714
advis,advisable,advising,0.5333333333333333
advis,advise,advised,0.9090909090909091
advis,advise,adviser,0.9090909090909091
advis,advise,advisers,0.8333333333333334
advis,advise,advises,0.9090909090909091
advis,advise,advising,0.6666666666666666
advis,advised,adviser,0.8333333333333334
advis,advised,advisers,0.7692307692307693
advis,advised,advises,0.8333333333333334
advis,advised,advising,0.6153846153846154
advis,adviser,advisers,0.9230769230769231
advis,adviser,advises,0.8333333333333334
advis,adviser,advising,0.6153846153846154
advis,advisers,advises,0.7692307692307693
advis,advisers,advising,0.5714285714285714
advis,advises,advising,0.6153846153846154
advisori,advisories,advisory,0.75
advoc,advocate,advocated,0.9333333333333333
advoc,advocate,advocates,0.9333333333333333
advoc,advocate,advocating,0.75
advoc,advocate,advocation,0.75
advoc,advocated,advocates,0.875
advoc,advocated,advocating,0.7058823529411765
advoc,advocated,advocation,0.7058823529411765
advoc,advocates,advocating,0.7058823529411765
advoc,advocates,advocation,0.7058823529411765
advoc,advocating,advocation,0.7777777777777778
aerat,aerate,aerating,0.6666666666666666
aerat,aerate,aeration,0.6666666666666666
aerat,aerate,aerator,0.7272727272727273
aerat,aerate,aerators,0.6666666666666666
aerat,aerating,aeration,0.7142857142857143
aerat,aerating,aerator,0.6153846153846154
aerat,aerating,aerators,0.5714285714285714
aerat,aeration,aerator,0.6153846153846154
aerat,aeration,aerators,0.5714285714285714
aerat,aerator,aerators,0.9230769230769231
aerob,aerobic,aerobics,0.9230769230769231
aerodynam,aerodynamic,aerodynamically,0.8333333333333334
aerodynam,aerodynamic,aerodynamics,0.9523809523809523
aerodynam,aerodynamically,aerodynamics,0.8
aeronaut,aeronautical,aeronautics,0.8571428571428571
aesthet,aesthetes,aesthetic,0.75
aesthet,aesthetes,aesthetically,0.6
aesthet,aesthetes,aesthetics,0.7058823529411765
aesthet,aesthetic,aesthetically,0.8
aesthet,aesthetic,aesthetics,0.9411764705882353
aesthet,aesthetically,aesthetics,0.7619047619047619
affect,affectation,affected,0.5882352941176471
affect,affectation,affecting,0.6666666666666666
affect,affectation,affection,0.8888888888888888
affect,affectation,affections,0.8421052631578947
affect,affectation,affective,0.6666666666666666
affect,affectation,affects,0.625
affect,affected,affecting,0.6666666666666666
affect,affected,affection,0.6666666666666666
affect,affected,affections,0.625
affect,affected,affective,0.6666666666666666
affect,affected,affects,0.7692307692307693
affect,affecting,affection,0.75
affect,affecting,affections,0.7058823529411765
affect,affecting,affective,0.75
affect,affecting,affects,0.7142857142857143
affect,affection,affections,0.9411764705882353
affect,affection,affective,0.75
affect,affection,affects,0.7142857142857143
affect,affections,affective,0.7058823529411765
affect,affections,affects,0.6666666666666666
affect,affective,affects,0.7142857142857143
affection,affectionate,affectionately,0.9166666666666666
affili,affiliate,affiliated,0.9411764705882353
affili,affiliate,affiliates,0.9411764705882353
affili,affiliate,affiliation,0.7777777777777778
affili,affiliate,affiliations,0.7368421052631579
affili,affiliated,affiliates,0.8888888888888888
affili,affiliated,affiliation,0.7368421052631579
affili,affiliated,affiliations,0.7
affili,affiliates,affiliation,0.7368421052631579
affili,affiliates,affiliations,0.7
affili,affiliation,affiliations,0.9523809523809523
affin,affine,affinities,0.5714285714285714
affin,affine,affinity,0.6666666666666666
affin,affinities,affinity,0.75
affirm,affirmation,affirmative,0.8
affirm,affirmation,affirmed,0.5882352941176471
affirm,affirmation,affirming,0.5555555555555556
affirm,affirmation,affirms,0.625
affirm,affirmative,affirmed,0.5882352941176471
affirm,affirmative,affirming,0.5555555555555556
affirm,affirmative,affirms,0.625
affirm,affirmed,affirming,0.6666666666666666
affirm,affirmed,affirms,0.7692307692307693
affirm,affirming,affirms,0.7142857142857143
affix,affixed,affixing,0.6153846153846154
afflict,affliction,afflictions,0.9473684210526315
afford,affordable,afforded,0.625
afford,affordable,affording,0.5882352941176471
afford,affordable,affords,0.6666666666666666
afford,afforded,affording,0.6666666666666666
afford,afforded,affords,0.7692307692307693
afford,affording,affords,0.7142857142857143
age,aged,ages,0.6666666666666666
age,aged,aging,0.2857142857142857
age,ages,aging,0.2857142857142857
agenc,agencies,agency,0.6666666666666666
agglomer,agglomeration,agglomerations,0.96
aggrav,aggravate,aggravated,0.9411764705882353
aggrav,aggravate,aggravating,0.7777777777777778
aggrav,aggravated,aggravating,0.7368421052631579
aggreg,aggregate,aggregated,0.9411764705882353
aggreg,aggregate,aggregates,0.9411764705882353
aggreg,aggregate,aggregating,0.7777777777777778
aggreg,aggregate,aggregation,0.7777777777777778
aggreg,aggregated,aggregates,0.8888888888888888
aggreg,aggregated,aggregating,0.7368421052631579
aggreg,aggregated,aggregation,0.7368421052631579
aggreg,aggregates,aggregating,0.7368421052631579
aggreg,aggregates,aggregation,0.7368421052631579
aggreg,aggregating,aggregation,0.8
aggress,aggression,aggressive,0.7777777777777778
aggress,aggression,aggressively,0.7
aggress,aggression,aggressiveness,0.6363636363636364
aggress,aggressive,aggressively,0.9
aggress,aggressive,aggressiveness,0.8181818181818182
aggress,aggressively,aggressiveness,0.75
agil,agile,agility,0.6
agit,agitate,agitated,0.9230769230769231
agit,agitate,agitation,0.7142857142857143
agit,agitate,agitator,0.7692307692307693
agit,agitate,agitators,0.7142857142857143
agit,agitated,agitation,0.6666666666666666
agit,agitated,agitator,0.7142857142857143
agit,agitated,agitators,0.6666666666666666
agit,agitation,agitator,0.6666666666666666
agit,agitation,agitators,0.625
agit,agitator,agitators,0.9333333333333333
agnost,agnostic,agnostics,0.9333333333333333
agon,agonized,agonizing,0.6666666666666666
agre,agree,agreed,0.8888888888888888
agre,agree,agreeing,0.7272727272727273
agre,agree,agrees,0.8888888888888888
agre,agreed,agreeing,0.6666666666666666
agre,agreed,agrees,0.8
agre,agreeing,agrees,0.6666666666666666
agreeabl,agreeable,agreeableness,0.8
agricultur,agricultural,agriculture,0.8571428571428571
aid,aide,aided,0.8571428571428571
aid,aide,aides,0.8571428571428571
aid,aide,aiding,0.5
aid,aide,aids,0.6666666666666666
aid,aided,aides,0.75
aid,aided,aiding,0.4444444444444444
aid,aided,aids,0.5714285714285714
aid,aides,aiding,0.4444444444444444
aid,aides,aids,0.5714285714285714
aid,aiding,aids,0.5
aim,aimed,aiming,0.4444444444444444
aim,aimed,aims,0.5714285714285714
aim,aiming,aims,0.5
air,aired,airing,0.4444444444444444
air,aired,airings,0.4
air,aired,airs,0.5714285714285714
air,airing,airings,0.9090909090909091
air,airing,airs,0.5
air,airings,airs,0.4444444444444444
airbrush,airbrushed,airbrushing,0.7368421052631579
airdrop,airdropped,airdrops,0.75
airfram,airframe,airframes,0.9333333333333333
airlin,airline,airliner,0.9230769230769231
airlin,airline,airliners,0.8571428571428571
airlin,airline,airlines,0.9230769230769231
airlin,airliner,airliners,0.9333333333333333
airlin,airliner,airlines,0.8571428571428571
airlin,airliners,airlines,0.8
airplan,airplane,airplanes,0.9333333333333333
aisl,aisle,aisles,0.8888888888888888
aisl,aisle,aisling,0.6
aisl,aisles,aisling,0.5454545454545454
alarm,alarmed,alarming,0.6153846153846154
alarm,alarmed,alarms,0.7272727272727273
alarm,alarming,alarms,0.6666666666666666
alcohol,alcoholic,alcoholics,0.9411764705882353
alcohol,alcoholic,alcoholism,0.8235294117647058
alcohol,alcoholic,alcohols,0.8
alcohol,alcoholics,alcoholism,0.7777777777777778
alcohol,alcoholics,alcohols,0.75
alcohol,alcoholism,alcohols,0.75
alcov,alcove,alcoved,0.9090909090909091
alert,alerted,alerting,0.6153846153846154
alert,alerted,alerts,0.7272727272727273
alert,alerting,alerts,0.6666666666666666
algebra,algebraic,algebraically,0.8
algebra,algebraic,algebras,0.8
algebra,algebraically,algebras,0.631578947368421
algorithm,algorithmic,algorithms,0.8421052631578947
alias,aliases,aliasing,0.6153846153846154
alien,alienate,alienated,0.9333333333333333
alien,alienate,alienates,0.9333333333333333
alien,alienate,alienating,0.75
alien,alienate,alienation,0.75
alien,alienate,aliens,0.6666666666666666
alien,alienated,alienates,0.875
alien,alienated,alienating,0.7058823529411765
alien,alienated,alienation,0.7058823529411765
alien,alienated,aliens,0.6153846153846154
alien,alienates,alienating,0.7058823529411765
alien,alienates,alienation,0.7058823529411765
alien,alienates,aliens,0.6153846153846154
alien,alienating,alienation,0.7777777777777778
alien,alienating,aliens,0.5714285714285714
alien,alienation,aliens,0.5714285714285714
align,aligned,aligning,0.6153846153846154
align,aligned,alignment,0.5714285714285714
align,aligned,alignments,0.5333333333333333
align,aligned,aligns,0.7272727272727273
align,aligning,alignment,0.5333333333333333
align,aligning,alignments,0.5
align,aligning,aligns,0.6666666666666666
align,alignment,alignments,0.9411764705882353
align,alignment,aligns,0.6153846153846154
align,alignments,aligns,0.5714285714285714
alkalin,alkaline,alkalinity,0.75
alleg,allegation,allegations,0.9473684210526315
alleg,allegation,allege,0.5714285714285714
alleg,allegation,alleged,0.5333333333333333
alleg,allegation,alleges,0.5333333333333333
alleg,allegation,alleging,0.5
alleg,allegations,allege,0.5333333333333333
alleg,allegations,alleged,0.5
alleg,allegations,alleges,0.5
alleg,allegations,alleging,0.47058823529411764
alleg,allege,alleged,0.9090909090909091
alleg,allege,alleges,0.9090909090909091
alleg,allege,alleging,0.6666666666666666
alleg,alleged,alleges,0.8333333333333334
alleg,alleged,alleging,0.6153846153846154
alleg,alleges,alleging,0.6153846153846154
allegori,allegories,allegory,0.75
allel,allele,alleles,0.9090909090909091
allergi,allergies,allergy,0.7142857142857143
allevi,alleviate,alleviating,0.7777777777777778
alli,allied,allies,0.8
alli,allied,ally,0.5
alli,allied,allying,0.36363636363636365
alli,allies,ally,0.5
alli,allies,allying,0.36363636363636365
alli,ally,allying,0.6666666666666666
allianc,alliance,alliances,0.9333333333333333
allig,alligator,alligators,0.9411764705882353
alloc,allocate,allocated,0.9333333333333333
alloc,allocate,allocates,0.9333333333333333
alloc,allocate,allocating,0.75
alloc,allocate,allocation,0.75
alloc,allocate,allocations,0.7058823529411765
alloc,allocated,allocates,0.875
alloc,allocated,allocating,0.7058823529411765
alloc,allocated,allocation,0.7058823529411765
alloc,allocated,allocations,0.6666666666666666
alloc,allocates,allocating,0.7058823529411765
alloc,allocates,allocation,0.7058823529411765
alloc,allocates,allocations,0.6666666666666666
alloc,allocating,allocation,0.7777777777777778
alloc,allocating,allocations,0.7368421052631579
alloc,allocation,allocations,0.9473684210526315
allot,allotment,allotted,0.5333333333333333
allow,allowable,allowance,0.625
allow,allowable,allowances,0.5882352941176471
allow,allowable,allowed,0.5714285714285714
allow,allowable,allowing,0.5333333333333333
allow,allowable,allows,0.6153846153846154
allow,allowance,allowances,0.9411764705882353
allow,allowance,allowed,0.5714285714285714
allow,allowance,allowing,0.5333333333333333
allow,allowance,allows,0.6153846153846154
allow,allowances,allowed,0.5333333333333333
allow,allowances,allowing,0.5
allow,allowances,allows,0.5714285714285714
allow,allowed,allowing,0.6153846153846154
allow,allowed,allows,0.7272727272727273
allow,allowing,allows,0.6666666666666666
alloy,alloyed,alloys,0.7272727272727273
allud,allude,alluded,0.9090909090909091
allud,allude,alludes,0.9090909090909091
allud,alluded,alludes,0.8333333333333334
allur,allure,alluring,0.6666666666666666
allus,allusion,allusions,0.9333333333333333
almon,almoner,almoners,0.9230769230769231
almshous,almshouse,almshouses,0.9411764705882353
alo,aloe,aloes,0.8571428571428571
alphabet,alphabetic,alphabetical,0.9
alphabet,alphabetic,alphabetically,0.8181818181818182
alphabet,alphabetic,alphabetized,0.8
alphabet,alphabetical,alphabetically,0.9166666666666666
alphabet,alphabetical,alphabetized,0.7272727272727273
alphabet,alphabetically,alphabetized,0.6666666666666666
